"name","wan1Ip","wan2Ip"
"Central-AZ-Phoenix Office","63.232.17.234",
"West-OR-ilani Hotel","172.16.25.11",
"Civils-West-Englewood Office","4.34.62.178",
"CTM_6-MX100","4.71.169.100",
"West-CA-Warm Springs ES ","192.168.1.214",
"Civils-East-Fleming Island",,"50.196.110.169"
"Civils-East-Goldsboro Office","174.108.213.138",
"Central-Texas-Austin Main Office","12.124.158.178",
"West-CA-Newport Beach Office","4.79.140.106",
"Civils-West-CA-Woodland Yard","104.220.39.1",
"Civils-West-CA-Fairfield CA","32.142.205.254",
"East-VA-Lake Kilby WTP-MX68W-Q2LY-V7FV-7MT6",,"24.216.48.99"
"Civils-West-Caltrain San Francisco ","67.220.167.254",
"West-CA-Civils La Verne Ca Office-MX68W-Q2LY-4UQ6-GXW6","47.176.90.242",
"West-CA-Civils-Stock-Fairfield-Q2LY-63VG-KSF8",,"10.0.0.80"
"West-WA-MSCR-MX100","50.106.37.90",
"East-FL-Orlando-MX84-Q2PN-NNGL-YTL7","65.57.242.35",
"East-Fl-Plantation Office","4.30.17.124",
"East-NC-Raleigh Main Office Q2PN-3773-TWTM","4.79.213.34","192.168.1.7"
"East-NC-Charlotte Main Office-MX100-Q2JN-CNK7-43E4","4.34.23.66","192.168.0.77"
"East-VA-Fairfax Office-MX100-Q2JN-EYWY-MM9C","4.30.36.2",
"Civils-Central-TX-Frucon Houstion NEWPP","50.228.123.194",
"East-Va-Upper Saddle River",,"192.168.0.2"
"West-WA-KingCoCFJC","10.3.10.237",
"East-Fl-BCCCH_MX84","50.223.172.186","192.168.0.95"
"East-NC-Wilmington","32.141.81.10","192.168.0.2"
"East Atlanta 300 Galleria","4.7.137.107","50.248.247.249"
"West-CA-San Diego Office","98.152.228.141",
"East-DC-ECCLES","65.192.29.50",
"East-Savannah-AC Marriott","170.205.152.114",
"East-Ga-Benteen Elementary School","10.1.10.127",
"East-MD-ECB4",,"152.186.177.118"
"Investments-Audubon_2","216.129.153.151",
"East-NC-Devin Radziej","192.168.1.201",
"West-WA-TukwilaWarehouse","10.1.10.172",
"East-FL-Jacksonville West Bay Street-MX65-Q2QN-XAP6-MD4B","170.55.61.102",
"Central-TX-TFC Capitol Complex CMA","72.182.44.238",
"East-NC-Duke Arringdon",,"10.90.28.243"
"East-NC-NC DHHS Campus","192.168.1.126",
"West-OR-KaiserInterstate","192.168.30.186",
"East-NC-Duke MSRB III-MX65-Q2QN-Q9K6-K2FT","152.3.66.250",
"East-NC-Kane Walter Tower","192.168.1.12",
"Central-TX-Danforth Junior HS","10.6.201.113",
"West-OR-River Forum 1 and 2 CapEx","10.2.32.112",
"Civils-West-VTA Project",,"192.168.0.235"
"West-OR-PDXProjects","208.65.219.169",
"West-OR-Salem Public Works",,"10.12.20.163"
"Civils-West-Caltrain Office","50.233.249.194",
"West-OR-Portland Main Office",,"4.17.255.42"
"West-CA-North High School Auditorium",,"10.109.64.4"
"West-CA-IUSD PA6N Elementary School","67.159.168.170",
"West-WA-1001 TI","10.3.10.130",
"West-OR-Milwaukie City Hall TI-MX65-Q2QN-LGEC-53VN",,"192.168.0.79"
"West-WA-Amazon RTC","10.3.10.148",
"West-WA-Seattle Office","50.237.52.186",
"East-NC-NCAT ","152.8.1.1",
"East-NC-Wake County Library","192.168.0.2",
"Civils-East-Military Cutoff","174.99.151.156",
"West-OR-NACO","192.168.0.5",
"WEST-CA-Oceanside Rental Office","192.168.0.146",
"East-Civils-Effingham Parkway ",,"10.1.10.18"
"Civils-West-SacramentoEchoWater","172.17.79.43",
"East-NC-Wake Tech PSSC","192.168.50.11",
"Central-DAL-Cedar Hill Library and Park","209.215.17.178",
"East-NC-Dorothea Dix Park","76.182.83.154",
"Central-DAL-Denton Wilson ES","10.15.16.8",
"West-CA-Hoover High School","104.244.3.236",
"West-CA-Richland ES Reconstruction-2",,"104.244.3.170"
"Central-DAL-Guyer HS","10.150.16.42",
"Central-DAL-Equipment Yard Ponder","192.168.1.13",
"West-CA-Riverside","12.167.54.131",
"West-CA-STOCK-Q2QN-JF77-LKCA",,"207.62.193.120"
"East-NC-Jasper","10.1.10.154",
"East-FL-Camden520","108.188.127.77",
"Central-DAL-The Epic",,"216.59.208.38"
"Central-DAL-Fort Worth Texas Health","47.38.229.183",
"West-WA-Blueshift","10.0.0.63",
"West-OR-Nike WHQ Sustaining","192.168.0.250",
"East-FL-SWO Attraction 2024",,"192.168.2.243"
"West-CA-Ayala High School","10.6.4.230",
"West-CA-Del Rosa ES","10.202.50.27",
"West-CA-Russell Hall","10.52.1.53",
"West-CA-Baldwin Park HS Gym","192.168.0.115",
"West-CA-Mira Mesa High School","72.34.71.118",
"STOCK-West-SD-Edgewood HS","192.168.0.193",
"West-CA-Miracosta Health-Wellness Hub ","10.1.126.118",
"East-NC-Morrison Yard",,"10.1.10.161"
"Central-TX-Austin Jobsite",,"12.124.158.178"
"West-OR-RockSprings Training Center","130.44.26.28",
"West-OR-Laika-MX65-Q2QN-D77R-FB58","192.168.0.231",
"Civils-East-FAI-VCBR-MX65-Q2QN-YZ92-AD3A",,"65.122.138.235"
"West-CA-Logan Elementary","192.168.0.117",
"East-NC-Duke North Pavilion","172.21.56.10",
"West-CA-Mira Costa","192.168.0.100",
"West-CA-Sacramento Office","10.166.219.57",
"West-CA-Hayward Tennyson High School",,
"West-CA-Rose Ave. ES Reconstruction",,"66.209.107.62"
"West-CA-SWC-OWR","10.244.44.13",
"Civils-West-Sterling Project",,"64.183.21.66"
"West-CA-GUHSD Bus Maintenance Facility","192.168.0.199",
"Civils-West-CO-RRP-MX68-Q2KY-25MB-E76T",,"10.1.10.238"
"Central-DAL-TXHealthSurgeryTower","47.4.26.188",
"West-OR-PDX IT Spare-MX65-Q2QN-3D7J-9B33","192.168.0.168",
"Civils-Central-TX-Katy Freeway",,"207.141.239.210"
"Central-DAL-TCA Middle School",,"216.59.197.26"
"Civils-East-NC-Fayetteville-MX68W-Q2LY-YAMC-2SXE","192.168.0.2",
"West-CA-Solana Santa Fe","10.34.89.124",
"Central-DAL-Calhoun MS Rayzor ES","97.94.213.69",
"West-CA-CVESD New School #48 at Village 2","192.168.1.123",
"Central-DAL-JPMC Phase II","12.153.158.234",
"Civils-West-Caltrain Warehouse SF",,"10.0.0.6"
"West-CA-San Gorgonio HS","192.168.0.64",
"West-CA-Vista Magnet Middle School","192.168.0.250",
"East-NC-Hawkers Island Bridge","107.12.12.35",
"Central-DAL-Braswell HS Renovations","10.6.200.180",
"Central-DAL-Ereckson MS","10.28.21.65",
"West-CA-Chula Vista Elementary School District","192.168.1.75","192.168.1.64"
"West-CA-MSJC Stadium","205.154.154.134",
"West-CA-Juv. Justice Campus",,"76.167.224.202"
"West-CA-MBUSD Measure C","172.88.67.96",
"West-OR-Providence Credena-MX68-Q2KY-PTUD-SE7E",,"10.1.10.91"
"West-CA-Pacific Beach MS SDUSD",,"10.6.4.210"
"West-CA-Southlake Middle School","10.1.124.167",
"West-CA-Polinsky Renovaitons",,"66.209.97.150"
"West-OR-Block 216 Jobsite-MX68-Q2KY-SMUE-RSXA",,"192.168.0.142"
"West-OR-PDX Projects-Squillace","10.0.0.21",
"West-OR-Block 216","50.222.29.134",
"West-CA-Oxnard Office",,"23.240.131.90"
"West-OR-Kaiser NLR Refresh",,"192.168.0.113"
"Central-Texas-Fort Worth Office",,"192.168.1.69"
"West-CA-Del Sol High School",,"207.47.112.218"
"East-NC-NCSU",,"75.177.184.188"
"Central-DAL-Cedar Crest","192.168.0.191",
"West-CA-Simi Valley Royal High School","192.168.1.81",
"West-CA-HBUHSD MARINA HS Pool Replacement","192.168.1.6",
"East-SC-Charleston Office","10.1.10.210",
"East-NC-RDU CMR","209.194.224.138",
"West-WA-VBOB","10.3.10.221",
"West-CA-Sierra College","10.97.20.113",
"Civils-East-NC-New Bern-Havelock","192.168.1.7",
"West-OR-Block 18 The Springs",,"10.1.10.13"
"Civils-East-NC-Equipment Yard Wilmington","32.140.134.178",
"East-FL-Project 904","162.245.18.70","10.19.0.32"
"East-2100 Penn-Avenue","10.1.10.160",
"EAST-NC-CLTOFCTMP01","10.77.39.8",
"Civils-Central-DAL-StockRoom","192.168.1.136",
"West-OR-PeaceHealth-MX68-Q2KY-7PH6-6ZSU",,"192.168.0.144"
"Central-DAL-TCC Legacy-BTS","216.59.211.18",
"West-CA-SWC Student Union","10.243.0.10",
"West-CA-Del Mar Heights School","12.138.51.11",
"Central-Dal-The Link Jobsite","10.6.200.194",
"Central-Dal-The Junction Denton",,"66.52.54.139"
"East-FL-Rental Car Lane","192.168.50.36",
"East-Museum Place","10.1.10.196",
"East-Herbert Akins Road MS","174.109.167.16",
"West-OR-BMW of Tigard",,"192.168.0.76"
"East-NC-BBE Warehouse",,"192.168.1.36"
"East-VA-400 11th -Q2KY-VFDR-KSHD","10.6.54.217",
"East-FL-Icon Marina","192.168.88.184",
"East-Fairfax-Manassas Park","10.1.10.117",
"East-NC-RAL-Wilson YMCA","192.168.90.199",
"East-Ft Eustis-Battalion Complex","184.187.49.110",
"East-NC-DOwntown Cary Park","107.15.195.46",
"East-Ga-Thompson Savannah","10.1.10.97",
"East-RD Las Olas",,"10.1.10.156"
"East-Florida-Alfond Inn","208.78.191.42",
"East-GA-Atlanta Training Center","75.138.74.148",
"West-WA-Seattle Municipal Towers ","192.168.165.98",
"East-FL-FIU Toll Brothers","10.1.10.9",
"East-Florida-JIB_Warren Henry","10.1.10.202",
"East-VA-Andrews CCC Project",,"50.219.145.146"
"East-Atlanta-Spring Street Office","10.1.10.59",
"East-MD-Washingtonian","69.46.248.130",
"East-Atlanta-Sprayberry High School","10.1.10.100",
"East-VA-South Bell Street",,"173.66.173.8"
"East-Va-Hazel-National Landing","10.1.10.169",
"East-Florida-2000 Biscayne","10.1.10.33",
"East-Savannah-Marion Lake Apartments","75.106.97.194",
"East-Va-LOCRF",,"192.168.0.159"
"East-Atlanta-560 Edgewood","10.1.10.90",
"East-Florida-Tampa-Manor West River Project","192.168.0.2",
"East-South Carolina-Stono Oaks","192.168.0.106",
"East-Florida-Tampa-Field Office","172.20.130.42",
"WestPoint-CM 10.12.168.65","24.161.117.30",
"Vandenberg-Leasing 10.12.165.97","23.130.129.50",
"Lackland-SO 10.12.167.97",,"71.78.119.2"
"HA - Phoenix","65.118.114.82",
"Travis-Maint 10.12.163.33","192.168.165.189",
"Vandenberg-SelfHelp 10.12.165.161","23.130.129.74",
"FtBliss-Facilities 10.12.180.193",,"71.78.201.210"
"Malmstrom-Lease 10.12.182.225",,"137.26.67.146"
"Northside-CC 10.12.160.97","66.253.176.8",
"Newport - CoddingtonCC 10.12.173.129",,"192.168.0.215"
"Pensacola-CM 10.12.182.65",,"45.59.4.108"
"Pensacola-Maintenance 10.12.169.1","45.59.4.114",
"Ft Gordon-Fac 10.12.170.1","192.168.0.38",
"Kingsbay-Maint 10.12.167.1","10.1.10.191",
"Warren-CC 10.12.176.33","192.168.1.86",
"Charleston-CM 10.12.185.1",,"50.76.197.65"
"Aspire349-CC 10.12.186.1",,"98.101.86.236"
"Tinker-CM 10.12.166.129",,"72.211.34.117"
"IT-Home-AM 10.12.179.1","10.0.0.28",
"Ft.Stewart-Maint 10.12.180.65","96.75.13.41",
"FtStewart-LW-CC 10.12.170.225",,"50.251.3.81"
"FtStewart-SO 10.12.169.225",,"50.197.229.129"
"FtStewart-Marne 10.12.171.129","10.1.10.55",
"Hunter-Leasing 10.12.164.193","10.1.10.244",
"Hunter-Maint 10.12.164.225","10.1.10.5",
"Hunter-CC 10.12.164.161",,"50.244.83.109"
"FtBliss-CC 10.12.185.65","67.79.118.133",
"FtBliss-Chamizal 10.12.181.225","97.77.32.93",
"FtBliss-Norte 10.12.161.225","71.40.18.138",
"FtBliss-Riobravo 10.12.168.33","192.168.0.2",
"FtBliss-Stern 10.12.182.97",,"71.40.192.188"
"Avenue at Harbison 10.12.198.1","96.10.149.162",
"Retreat at Schillinger - 10.12.199.1","96.76.7.137",
"Landings at Lake Gray - 10.12.197.1","70.91.150.169",
"Ridgeland Place - 10.12.194.1","23.25.163.49",
"Tyndall-Maint 10.12.175.193","216.227.30.25",
"San Mateo-CC 10.12.176.161","192.168.1.119",
"Whitingfield-CC 10.12.160.193","107.167.199.82",
"WRAMC-CC 10.12.160.161","10.1.10.55",
"View at Encino Commons 10.12.161.1","192.168.1.209",
"FtEustis-CM 10.12.161.161","192.168.0.151",
"Ft Gordon-CC 10.12.171.161","24.236.119.2",
"Ft Eustis - Facilities 10.12.161.193",,"98.190.61.67"
"FtCarson-CM 10.12.165.1","24.52.10.75",
"KeyWest-Supply 10.12.170.97","10.1.10.10",
"Carlisle-Clubhouse 10.12.160.65","10.1.10.25",
"MX250 - Audubon","50.237.140.50","12.251.127.166"
"Picatinny-CC 10.12.174.97","75.127.252.206",
"Carlisle-MO 10.12.184.161","10.1.10.97",
"Carlisle-Shop 10.12.160.129","10.1.10.70",
"WestPoint-Facilities 10.12.175.97","192.168.0.7",
"WestPoint-PD 10.12.175.33","192.168.0.2",
"Northside-P2 10.12.180.1","153.33.34.8",
"Newport-Maint 10.12.169.33","174.78.141.220",
"Vancouver 10.12.182.1","10.25.10.53",
"Lackland-CCWest 10.12.166.193","71.78.115.90",
"Lackland-PD 10.12.184.225","192.168.1.170",
"Saratoga-CM 10.12.163.65","192.168.0.3",
"Travis-CM 10.12.162.161","173.167.104.53",
"Travis-Lifeworks 10.12.162.225","10.1.10.44",
"Travis-Warehouse - 10.12.163.1","10.1.10.71",
"Cavalier-CC 10.12.181.1","66.231.112.82",
"Mayport-CC 10.12.170.33",,"10.1.10.141"
"Mayport-CMO - 10.12.182.33",,"50.206.37.34"
"Mayport-Facilities 10.12.162.129",,"50.203.151.50"
"Vandenberg-Reno 10.12.184.193","192.168.0.2",
"FtStewart-PO 10.12.170.193",,"96.87.19.185"
"Dyess-CC 10.12.183.65",,"205.201.65.178"
"Dyess-Maint 10.12.184.1","50.26.212.145",
"Gulfport-Housing 10.12.161.33","69.92.81.186",
"Gulfport-Shop 10.12.161.65",,"67.60.203.186"
"FtCarson-CC 10.12.180.129",,"74.211.51.18"
"FtCarson-SouthCM 10.12.182.193","24.52.10.10",
"FtCarson-Reno 10.12.175.1","192.168.0.121",
"IT-HOME-BW - 10.12.158.1","192.168.1.130",
"FtBliss-LoganHeights 10.12.184.65 ",,"24.153.185.62"
"FtDetrick-MO 10.12.174.1",,"50.210.143.129"
"FtDetrick-NC 10.12.173.225",,"50.242.191.105"
"Malmstrom-CC 10.12.169.193","69.144.232.26",
"Malmstrom-Maint 10.12.170.65","192.168.44.132",
"Portsmouth 10.12.173.1","10.1.10.227",
"FtJackson-Maint 10.12.172.65","192.168.1.207",
"Luke-CC 10.12.167.65","184.186.217.251",
"Luke-Maint 10.12.167.161","174.76.42.26",
"Phoenix-ROC 10.12.167.129","68.14.230.98",
"FtJackson-CC 10.12.172.33",,"75.176.181.152"
"Newport-FtAdams 10.12.173.65","70.168.14.62",
"Newport-Green Lane 10.12.170.161","98.187.20.253",
"Newport-Melville 10.12.174.129","184.180.47.25",
"Jacksonville-CM 10.12.177.1","10.1.10.43",
"Jacksonville-Maint 10.12.169.161","10.1.10.97",
"Mountainhome-CC 10.12.181.65","4.37.52.42",
"Mountainhome-Maint 10.12.183.97","192.168.0.3",
"Mountainhome-PD 10.12.177.97","192.168.0.20",
"Groton-Anchors 10.12.168.1","192.168.0.95",
"Groton-CO 10.12.172.97","216.255.168.104",
"Groton-Maint 10.12.172.161","10.1.10.118",
"Groton-Trident-10.12.172.129","192.168.0.157",
"Groton-Warehouse 10.12.172.225","10.1.10.142",
"Moody-CC 10.12.177.129","173.31.241.133",
"Moody-Leasing 10.12.171.1","38.128.112.12",
"Moody-Maint 10.12.184.129","173.31.254.214",
"Sheppard-CC 10.12.166.1","192.168.0.2",
"Sheppard-Maint 10.12.166.33","192.168.0.5",
"Sheppard-NL 10.12.165.129","72.182.147.80",
"WSMR-CM 10.12.162.1","10.1.10.166",
"WSMR-Facilities 10.12.162.33 ","10.1.10.61",
"Tinker-Facilities 10.12.168.129","72.204.204.186",
"Pensacola-CC 10.12.168.225",,"198.40.231.174"
"Cannon-Maint 10.12.183.129",,"74.50.154.214"
"Cannon-CC 10.12.181.129",,"74.50.138.246"
"Grandforks - CC 10.12.181.33","24.230.135.193",
"Grandforks-Maint 10.12.183.33","140.186.243.169",
"Mitchel-Facilities 10.12.175.129","192.168.1.140",
"Mitchel-Housing  10.12.175.161","192.168.1.151",
"Meridian - CC 10.12.169.129",,
"Tyndall-CC 10.12.160.225",,"216.227.30.97"
"Lakehurst-CC 10.12.174.161","10.1.10.169",
"Lakehurst-Maint 10.12.174.193","10.1.10.73",
"Altus-Maintenance 10.12.162.97","173.207.47.128",
"Altus-CM 10.12.162.65",,"192.168.0.3"
"FtGordon-Maint 10.12.171.193","24.214.112.224",
"Whiteman-NC 10.12.183.193","192.168.44.3",
"Ft Worth-Leasing 10.12.166.97","47.37.90.144",
"Whiteman-CC 10.12.170.129",,"192.168.44.2"
"Kingsbay-CC 10.12.166.225","192.168.0.3",
"Minot-CC 10.12.181.161","192.168.88.248",
"Minot-Maint 10.12.184.33","192.168.1.112",
"Minot-NH 10.12.173.161","192.168.1.96",
"Whiteman-Facilities 10.12.160.33","24.182.255.198",
"FLW-Woodlands 10.12.176.129",,"65.116.102.154"
"FLW-Stonegate 10.12.176.65",,"65.116.41.26"
"FLW-Piney 10.12.176.97",,"65.116.41.2"
"FLW-Facilities 10.12.160.1",,"65.116.41.10"
"Earle-CM 10.12.163.225","69.119.170.221",
"Earle-Facilities 10.12.164.1","69.119.170.102",
"KeyWest-CM 10.12.176.1","10.1.10.211",
"Warren-CC-Temp 10.12.173.33","192.168.1.16",
"Warren-Maint 10.12.173.97","192.168.44.118",
"Beale-CC 10.12.175.65","192.168.165.137",
"Beale-Facilities 10.12.167.33",,"50.235.184.242"
"PanamaCity-CM 10.12.169.65","10.1.10.238",
"FtStory-CM 10.12.161.97",,"70.188.67.228"
"FtStory-Facilities 10.12.161.129",,"184.189.24.212"
"FtHamilton-CM 10.12.174.225","192.168.0.3",
"Charleston-Maint 10.12.163.129","50.76.198.105",
"Ellsworth-CC 10.12.181.97","208.107.118.36",
"Ellsworth-Maint 10.12.183.1","24.111.30.228",
"Fairchild-CC 10.12.164.33","10.1.10.166",
"Fairchild-Maint-Leasing 10.12.164.97","10.1.10.154",
"Tyndall-Reno 10.12.183.161","173.30.236.169",
"Aspire at West Campus - 10.12.167.225","69.80.146.244",
"MALNMX01","12.116.229.34","50.228.172.178"
"MALNMX02","12.116.229.38","50.228.172.179"
"Gulfport-RO 10.12.172.1","192.168.0.11",
"FtHamilton-Maint 10.12.176.193",,
"IT - Home - MA 10.12.179.97",,"192.168.1.194"
,"10.0.0.58",
"IT-Home-SJ 10.12.179.161","192.168.1.198",
"Newport-FtAdamsMAC 10.12.177.65","70.168.14.59",
"Moretti-CC 10.12.175.225",,"71.45.183.93"
"Charleston-CC 10.12.164.65",,"50.76.197.233"
"Beale-NC 10.12.172.193",,"50.235.184.250"
"Chenal Pointe-CC 10.12.167.193","192.168.1.65",
"Whiteman-Reno 10.12.171.33",,"47.40.20.101"
" Northside-Maint P2 - 10.12.163.97",,"192.168.1.66"
"Northside-Maint P4 - 10.12.165.65",,"192.168.1.221"
"FtWorth-Maint - 10.12.164.129","71.86.89.54",
"Broadview-Leasing - 10.12.166.65","192.168.0.137",
"Cannon-Reno 10.12.166.161",,"207.246.230.146"
"Landings at Lake Gray Maint - 10.12.181.193","10.1.10.187",
